{"id": 277271126, "users": [{"id": 3359904, "email": "azeng@uchicago.edu", "name": "Alena Zeng", "sid": null, "assignment": {"release_date": "2024-10-02T13:00:00.000000-07:00", "due_date": "2024-10-18T21:59:00.000000-07:00", "late_due_date": null}, "sections": []}], "created_at": "2024-10-11T23:55:15.109155-07:00", "assignment_id": null, "assignment": {"id": 5090330, "title": "hw2 - install django ", "release_date": "2024-10-02T13:00:00.000000-07:00", "due_date": "2024-10-18T21:59:00.000000-07:00", "total_points": "4.0", "course_id": 871352, "group_submission": false, "group_size": null, "late_due_date": null, "outline": [{"id": 42033788, "type": "ProgrammingQuestion", "title": "Autograder", "parent_id": null, "weight": "4.0", "content": [], "index": 1}]}, "submission_method": "GitHub", "previous_submissions": [{"id": 277259432, "submission_time": "2024-10-11T22:44:45.472604-07:00", "score": "1.0", "results": {"score": 1.0, "tests": [{"name": "Test for db.sqlite3 file", "tags": null, "score": 0.0, "number": "1.0", "output": null, "status": "failed", "max_score": 1.0, "extra_data": null, "visibility": null, "name_format": null, "output_format": null}, {"name": "Test for tables.csv file", "tags": null, "score": 0.0, "number": "2.0", "output": null, "status": "failed", "max_score": 1.0, "extra_data": null, "visibility": null, "name_format": null, "output_format": null}, {"name": "Test runserver runs ok", "tags": null, "score": 0.0, "number": "4.0", "output": null, "status": "failed", "max_score": 1.0, "extra_data": null, "visibility": null, "name_format": null, "output_format": null}, {"name": "Test runserver runs ok", "tags": null, "score": 1.0, "number": "3.0", "output": null, "status": "passed", "max_score": 1.0, "extra_data": null, "visibility": null, "name_format": null, "output_format": null}], "output": null, "extra_data": null, "visibility": "visible", "leaderboard": [], "output_format": null, "execution_time": 4.08, "test_name_format": null, "test_output_format": null}}, {"id": 277260838, "submission_time": "2024-10-11T22:52:40.632910-07:00", "score": "2.0", "results": {"score": 2.0, "tests": [{"name": "Test for db.sqlite3 file", "tags": null, "score": 1.0, "number": "1.0", "output": null, "status": "passed", "max_score": 1.0, "extra_data": null, "visibility": null, "name_format": null, "output_format": null}, {"name": "Test for tables.csv file", "tags": null, "score": 0.0, "number": "2.0", "output": null, "status": "failed", "max_score": 1.0, "extra_data": null, "visibility": null, "name_format": null, "output_format": null}, {"name": "Test runserver runs ok", "tags": null, "score": 0.0, "number": "4.0", "output": null, "status": "failed", "max_score": 1.0, "extra_data": null, "visibility": null, "name_format": null, "output_format": null}, {"name": "Test runserver runs ok", "tags": null, "score": 1.0, "number": "3.0", "output": null, "status": "passed", "max_score": 1.0, "extra_data": null, "visibility": null, "name_format": null, "output_format": null}], "output": null, "extra_data": null, "visibility": "visible", "leaderboard": [], "output_format": null, "execution_time": 4.05, "test_name_format": null, "test_output_format": null}}, {"id": 277265439, "submission_time": "2024-10-11T23:22:00.058933-07:00", "score": "2.0", "results": {"score": 2.0, "tests": [{"name": "Test for db.sqlite3 file", "tags": null, "score": 1.0, "number": "1.0", "output": null, "status": "passed", "max_score": 1.0, "extra_data": null, "visibility": null, "name_format": null, "output_format": null}, {"name": "Test for tables.csv file", "tags": null, "score": 0.0, "number": "2.0", "output": "Test Failed: False is not true : tables.csv not found\n", "status": "failed", "max_score": 1.0, "extra_data": null, "visibility": null, "name_format": null, "output_format": null}, {"name": "Test runserver runs ok", "tags": null, "score": 0.0, "number": "4.0", "output": "Test Failed: Command '['curl', '--no-progress-meter', 'http://127.0.0.1:8000/app']' returned non-zero exit status 7.\n", "status": "failed", "max_score": 1.0, "extra_data": null, "visibility": null, "name_format": null, "output_format": null}, {"name": "Test runserver runs ok", "tags": null, "score": 1.0, "number": "3.0", "output": null, "status": "passed", "max_score": 1.0, "extra_data": null, "visibility": null, "name_format": null, "output_format": null}], "output": null, "extra_data": null, "visibility": "visible", "leaderboard": [], "output_format": null, "execution_time": 4.07, "test_name_format": null, "test_output_format": null}}]}
